名称,创建时间,日期,标签
"1. 一纸公告，赵燕李长征“打手”之一倒下 ",2025年7月31日 11:14,,
2. 解读：不值得信任的华熙生物,2025年7月31日 11:14,,
3. 深度解读：“2亿元回收8.8亿元股票”事件,2025年7月31日 11:14,,
4. 深度解读: 华熙生物回应,2025年7月31日 11:14,,
5. 不止控诉那么简单：当个人IP挑战女王权威,2025年7月31日 11:14,,
6. 解读：华熙生物举报疑云,2025年7月31日 11:14,,
7. “不在乎纸面财富”的女王，与因钱反目的员工,2025年7月31日 11:14,,
8. 女王的“焦虑”：千亿市值之巅的隐忧,2025年7月31日 11:14,,
9.  学习阅读：华熙生物正在面临前所未有的危机,2025年7月31日 11:14,,
10. 女王的“芳华”——一部精心包装的成功学,2025年7月31日 11:14,,
11. 学习：玻尿酸女王赵燕的发家史,2025年7月31日 11:14,,
12. 女王的“炼金术”：从“金融小魔女”到巨贪行长的提款机,2025年7月31日 11:14,,
13. “女王”速成指南：从银行提款，到炼成千亿帝国,2025年7月31日 11:14,,
14. 女王的“政法特使”：当国家机器，成为她的“内务部”,2025年7月31日 11:14,,
15. 女王的“保护伞”：揭秘赵燕与孙力军政治团伙的权钱游戏,2025年7月31日 11:14,,